title,published_dt,sources,sections,urls,keep_reason,is_keep_override,excluded_reason
$13.4B premium hike due to Medicare Advantage overpayments: Report,2026-03-10T20:11:12+00:00,Beckers Hospital Review,finance,https://news.google.com/rss/articles/CBMisAFBVV95cUxPQVlyRDlFNTJFNW44YmYtZ0MwVURKSEp2UDcwcDZTdmtxVFhTd09FRzRHMEpmYjllM2V4VmFZdGdiMUl2Wk5SMmhkOGVrOHluY0E5ak9meDVWUVlPTXN5aFk4RldUejBpVlJnMW9jV212eXJmNGc2WHAxNm1VakRqa2tZaFhTM2ExTHd5UGhRWXJ1dm9VajRNNUpJQzlkdGp0bzB2NlZlN1NuaFVkb18xdw?oc=5,Medicare Advantage,True,
$13.4B premium hike due to Medicare Advantage overpayments: Report,2026-03-10T20:11:12+00:00,Beckers Hospital Review,finance,https://news.google.com/rss/articles/CBMisAFBVV95cUxPQVlyRDlFNTJFNW44YmYtZ0MwVURKSEp2UDcwcDZTdmtxVFhTd09FRzRHMEpmYjllM2V4VmFZdGdiMUl2Wk5SMmhkOGVrOHluY0E5ak9meDVWUVlPTXN5aFk4RldUejBpVlJnMW9jV212eXJmNGc2WHAxNm1VakRqa2tZaFhTM2ExTHd5UGhRWXJ1dm9VajRNNUpJQzlkdGp0bzB2NlZlN1NuaFVkb18xdw?oc=5,Medicare Advantage,True,
$13.4B premium hike due to Medicare Advantage overpayments: Report,2026-03-10T20:11:12+00:00,Beckers Hospital Review,finance,https://news.google.com/rss/articles/CBMisAFBVV95cUxPQVlyRDlFNTJFNW44YmYtZ0MwVURKSEp2UDcwcDZTdmtxVFhTd09FRzRHMEpmYjllM2V4VmFZdGdiMUl2Wk5SMmhkOGVrOHluY0E5ak9meDVWUVlPTXN5aFk4RldUejBpVlJnMW9jV212eXJmNGc2WHAxNm1VakRqa2tZaFhTM2ExTHd5UGhRWXJ1dm9VajRNNUpJQzlkdGp0bzB2NlZlN1NuaFVkb18xdw?oc=5,Medicare Advantage,True,
$13.4B premium hike due to Medicare Advantage overpayments: Report,2026-03-10T20:11:12+00:00,Beckers Hospital Review,finance,https://news.google.com/rss/articles/CBMisAFBVV95cUxPQVlyRDlFNTJFNW44YmYtZ0MwVURKSEp2UDcwcDZTdmtxVFhTd09FRzRHMEpmYjllM2V4VmFZdGdiMUl2Wk5SMmhkOGVrOHluY0E5ak9meDVWUVlPTXN5aFk4RldUejBpVlJnMW9jV212eXJmNGc2WHAxNm1VakRqa2tZaFhTM2ExTHd5UGhRWXJ1dm9VajRNNUpJQzlkdGp0bzB2NlZlN1NuaFVkb18xdw?oc=5,Medicare Advantage,True,
"Lawmakers introduce bill to reverse Medicaid cuts, expand Medicare benefits",2026-03-02T08:00:00+00:00,Beckers Hospital Review,finance,https://news.google.com/rss/articles/CBMivgFBVV95cUxQMTdOMTNlZzFuVElybG5uc2xIUUtBeWNUV1Jpd1dHVjdxdEg3cGxveFdub19QZEhVYzAwSnZUS3dCbTR0WDc3OUljbDdHRmdTa1hVd1ZzVHl6bExEcUFYZUpJTHVreUFTb1lEYkk1ZEJubnNmRUNEYzE5RV9vaEJJVWgzWENRV1pFLTBRUHhWRU96NG9kWmJMNHI1MXl4M0h5Yzd3ckFyYVNCOUViU2c0bWl5S3BTOFhfMXNGcW5B?oc=5,Medicaid,True,
14 notes - Becker's Hospital Review,2026-03-05T08:11:53+00:00,Beckers Hospital Review,finance,https://news.google.com/rss/articles/CBMiygFBVV95cUxPcHJNNGhuajhBMi1ycE5TZXJXREh0Y2JqTEdpY01lNXMzRk9JSm51WFNpaFJGOWZUVEJHWjFITDRVbm0za2lSRTdQUmFqcWktMkxCek91dDFhNnhCSTJ6X0lBNXZ1a09HOTNiXzdGdGJOSk9ZRHhVaHR1bkQ2QjdJcjRIYlpJa3JNa0ZXUXhjYnBRQTFURGROMmF6NDR4ZW95VjJlUXNldm9SNy14MVBhSTVzSlpJWHBnbHltdTNmb0NMUzg3bzRrWkd3?oc=5,,False,
Reasons for optimism in hospital finances,2026-02-05T08:00:00+00:00,Beckers Hospital Review,finance,https://news.google.com/rss/articles/CBMikgFBVV95cUxNZ2VUNm9rRWREd3BRNk8taThlTHdiQ0lvamkwQzRYdHlfWFphSWl3QzR3WkY4UmN6ZlVhbDJ6X3dSczRUOUQxYWItYWhYa0poUlB2Nm9jY0FpelE3bUdDclVwTHhZaTFzbk5wSFh4UnRkVDdfZkN0Sk9sdzZ2V3RqSXdBb1VmQ0p6SElGdG9IejBQZw?oc=5,,False,
9 hospitals closing departments or ending services,2026-02-06T08:00:00+00:00,Beckers Hospital Review,finance,https://news.google.com/rss/articles/CBMingFBVV95cUxPdm1zM2szYzJvdHdOdllwYnBmUDB5ZEV6MXQ1WGhMWElxNVZjd2NieHRiR2FWRVI0T3JCcG44TkRxUC1UanRkWnlwQmxpLUtILXBIcUpEOWhWZG5UNm9WUVRWQXVXb1pvRE1ZT1BMU0I3bGxjY1hObmVzZ21VU2ZCTF9vdlduLURUOExKSTFWNzBDNTRXd3JDaWltTUg0Zw?oc=5,,False,
$13.4B premium hike due to Medicare Advantage overpayments: Report,2026-03-10T20:11:12+00:00,Beckers Hospital Review,finance,https://news.google.com/rss/articles/CBMisAFBVV95cUxPQVlyRDlFNTJFNW44YmYtZ0MwVURKSEp2UDcwcDZTdmtxVFhTd09FRzRHMEpmYjllM2V4VmFZdGdiMUl2Wk5SMmhkOGVrOHluY0E5ak9meDVWUVlPTXN5aFk4RldUejBpVlJnMW9jV212eXJmNGc2WHAxNm1VakRqa2tZaFhTM2ExTHd5UGhRWXJ1dm9VajRNNUpJQzlkdGp0bzB2NlZlN1NuaFVkb18xdw?oc=5,Medicare Advantage,True,
$13.4B premium hike due to Medicare Advantage overpayments: Report,2026-03-10T20:11:12+00:00,Beckers Hospital Review,finance,https://news.google.com/rss/articles/CBMisAFBVV95cUxPQVlyRDlFNTJFNW44YmYtZ0MwVURKSEp2UDcwcDZTdmtxVFhTd09FRzRHMEpmYjllM2V4VmFZdGdiMUl2Wk5SMmhkOGVrOHluY0E5ak9meDVWUVlPTXN5aFk4RldUejBpVlJnMW9jV212eXJmNGc2WHAxNm1VakRqa2tZaFhTM2ExTHd5UGhRWXJ1dm9VajRNNUpJQzlkdGp0bzB2NlZlN1NuaFVkb18xdw?oc=5,Medicare Advantage,True,
The Medicare Advantage paradox: Who benefits most?,2026-03-24T20:31:53+00:00,Beckers Hospital Review,finance,https://news.google.com/rss/articles/CBMimwFBVV95cUxPb05hTVlqNG9aOEZVVnV5SGlnVHl3cXJIU3RaVGw3R3cwdTNwRGFSUnAxUkxOUjl3YzNSYTRFOHJabzNmMXpWRnpJZFNaTU1uWXEzQ3czdUF5QXNUWHpqZlQxUkpJOVdZYzFXUjBXa3dreThBTlp3aGlJVFpodVlRQTVYSjgxQVVHUHQxT1pKb2ltTjMxeFlMcC1PNA?oc=5,Medicare Advantage,True,
19 health systems dropping Medicare Advantage plans | 2026,2026-04-01T21:36:45+00:00,Beckers Hospital Review,finance,https://news.google.com/rss/articles/CBMipgFBVV95cUxPejY0dEhMaUVydGV5eWJVSVEtYVBhWEtqenNyakpiOW0wOEhUczZERXB4NzJSb2pyOXphRVQ5cWNRRl9JVzg2S2tIN29odnRldEVzMFMxc054ZlVfRlJLNGxBdW9Jb1BOVWNEMk9YdWgtVXZobFhIMmtZTGpOdDR6SWozdm9GVjlvY0ZhQ3B6dlZWbDhaNHBXUEV4bVVuamRKV1ZILUtR?oc=5,dropping,True,
Hospitals brace for new wave of federal cuts as GOP turns to reconciliation again,2026-04-09T18:51:30+00:00,Beckers Hospital Review,finance,https://news.google.com/rss/articles/CBMixwFBVV95cUxQSWt3RHFwNmEzSUttQXU1RGdBeHZRRXpnWW5GY1ZJWmRJVHJicFI5Zi1QbzZFVnZHTE1WbFdjOUFrMnhJZ1ZKRGRxakc5ZGs3NWw0LVVJUjNhT3I4bmF5cktVcFJnOVAtMEVqbTU2SHFyYlJVSEdPNE5WMVpkdmc5YUp5QmJDTndndFU1YTFmelBGWkoyWC1FeTFxU0NOUlNFVjdnUE9jRk1icFl1cXNZSzFFLXcxVnc0Z1BMTlA4ZG9KLU1uVV9j?oc=5,,False,
"As states scramble to supplement Medicaid cuts, MCO taxes are a tricky part of the equation",2026-04-06T20:44:00+00:00,Beckers Hospital Review,finance,https://news.google.com/rss/articles/CBMi0wFBVV95cUxPeERHWkRuSW1idVh3R2FheVo3bkt2aGgzYlZFUW5ETzdNQ25tWktkSzJtOEpfN3h0UG9zWEFHZVF1M3JrNnBjNEo0SjZRZnhHNWxPUXJMaDFnZmZJMTBxSnNRV1MwYkVWN2VINXBrVk8yamkyZjgzdXpQUVJuYk9DeHU5NEpnZDByaHJjVi11NmpBQUdkSDJNSXJid3NIc1YzYm9xTVhPc3pPNFphc2pEbEhzSE9lOWRyTHhDblNpWVY4cG9hZVNVaXNNNmd4VzlCXzBV?oc=5,Medicaid,True,
"Arkansas hospital to close after 3 years, transition to psych facility",2026-04-07T21:52:42+00:00,Beckers Hospital Review,finance,https://news.google.com/rss/articles/CBMitwFBVV95cUxQdS1Va2d0UzhSak5jbDBWT3NIUGFvSkROWW1yNTlfT3Z5WUdYVEhtOFY3UlNQbTMzWlU0MXpOQnpmdldBclo2Q0U3d3lqRDdaUTg4Y0l0c3I5Tzk1VXU2ZVNQZmpBd1g1Nnl6MVFITTlLbWt4eGI1RjJHMEN5eDU3NkdnaDVReWpvT2FreE9mX0JYWk4yU1YzbU1iU1h5T0U2OFp6SWtTSFpyYzQ4YlJPUDE2VkFsb00?oc=5,,False,
CMS hikes Medicare Advantage rate 2.48% for 2027: 6 notes,2026-04-06T21:48:41+00:00,Beckers Hospital Review,finance,https://news.google.com/rss/articles/CBMipAFBVV95cUxPSl8yVWsyb3pwQVFmTE9FU0pMVzZEUEhqNkNZaXR4RVVZa3k0dl9HRmR3MDJYNW5CZWN0dDhSSmR1RktiREQ3WVRpUlVGV29qLXhuMDRBV0hhYnFxVk1GRDlmWEN6QzNxZ19qOUE5cmlMeGtLMldNWm5kdnFVYndCYmpUOG93Y2hQNlloajZzQUxhVkxETXhKOUhYYThKWVc4SkNHUw?oc=5,Medicare Advantage,True,
23 profitable health systems in 2025,2026-03-24T07:00:00+00:00,Beckers Hospital Review,finance,https://news.google.com/rss/articles/CBMiiwFBVV95cUxObHdnVVNvUmFlRjBZWnYyamRYZmo2Q3c1dlQ3dndXV00wbEZfRG9SVzZpNEFoc05wemtqaDBmVW5nNzBDQW9raWNrM2FzaVZNZks3Z1pzOWJjT2lPT1A3OC15bzFkSVl3QUh4RjF2WGttcnRzYzdYazBZcDRfdl9xSm4yQXdBV1pXSDBB?oc=5,,False,
California system to lay off nearly 300,2026-02-25T08:00:00+00:00,Beckers Hospital Review,finance,https://news.google.com/rss/articles/CBMijwFBVV95cUxNSXFmTmd1ZjZod21wekRWQzJ0T2lLQ2Z4Sm41c2JwZ1hnV19NU25zcVZhSW5La1FfSndUaWQ5clV6VkdSYzRFLUFKMV9YOGxsUHJfMjk3X2FiMDB4bTZRcUFoajFGNUpEOE1hc0lxZUdPWGJud1ctRTRhd0hxdV9XVDdGZXF6WEhZQTBabjJkMA?oc=5,,False,
Hospital margins take a dive,2026-03-12T07:00:00+00:00,Beckers Hospital Review,finance,https://news.google.com/rss/articles/CBMigAFBVV95cUxOdjFCSlRNaXJmU3RhWVZHS0dPU3Fxem9SWWNfUHRDcG4ydkhsaUxIWHNCelFXZFlrRWtSTjJnYXhqb2loSGN1aWNiUzI2Smk2WG5KSml3Smd6VFpLRldyTm9XOWR6dTNJM1NXNm1pRFpDS1R0UjR0aVhORlhibHZVdw?oc=5,,False,
32 health systems with strong finances,2026-04-15T13:21:53+00:00,Beckers Hospital Review,finance,https://news.google.com/rss/articles/CBMijgFBVV95cUxOQjR5cDh2azJYMFZRME1SQkdWNkFHUFgzRjY5Nl9Nb19jRUR6SlhCNjMwSDN2THZDeUNBZGdpcmF6NWdteUNOSlZ1bXRrbldjdnpVTEtfcWJsVk15aEhoaTdCZ0JXU2MtNkdoYzBjWXJsaUVSQTJCSVlXa2VvamFncjBrQ2N4N3BaNzI0RC1B?oc=5,,False,
State Medicaid budgets to lose $664B under OBBBA: Study,2026-02-26T08:00:00+00:00,Beckers Hospital Review,finance,https://news.google.com/rss/articles/CBMiogFBVV95cUxOVjZtYllteHVGWHlRNEhzNDk1NnI2QmlHaDVoeUxWSmJaUUZfSE1XaXJQMF9LdnlVS1Z3d1VrOGJRN1Y5Sy1SaWF4N1hsaUxHV2Y1RzFFX2RGcklZaFo4YTJPWk96SVBFSjBhN0FmMlhmV0JTeklENTFiZElDQVd0bFNjSG12a3kyU2E4ZmM5bS1OQ0s5NFhPOU9jblFsbDJzTVE?oc=5,Medicaid,True,
Employers are done being quiet about healthcare costs,2026-04-23T18:04:20+00:00,Beckers Hospital Review,finance,https://news.google.com/rss/articles/CBMiogFBVV95cUxOeDZFaXQwQzRIeFBqeTZQZHREbWc1OWxGdDZPa1hnYnoxQS1ZbUN0OXFiNjBWMlpIeGRyWXd4T01UeTQwNTctNkx5bHZNQm1CTE9vc1BiT1BqTWZ0RjY5NXJTUTFXLVJLS2pHenczZjhVQ2xFZGhsN1JiQUFPaUtDTGtBM3k0dzNLZmJDcXdyZ1BZQlV3MUZFSi1hT3gtQVFwRVE?oc=5,,False,
A third player enters the AI arms race,2026-04-22T16:05:38+00:00,Beckers Hospital Review,finance,https://news.google.com/rss/articles/CBMirwFBVV95cUxPdGJrUkh4RVdYWTUxdnhvcko2VVZXTzQ1Qm92LVBRUzM0TXphdk1JOGZ6TGtUaXhGLUZ0OFpXc1ZGd2RoRU00R0xPa2pDb3RjWlZqOGhmRlhFX0RQR21LYnhNSnBRMDBod1dfa1RRMWxxYngyekhtOWdNTE42TlRoM0szbWhPZzNpZUVSYjdtMTk3MlgtZGVNQzRrbExxNWFjRVJGRUxOWHgzcXVZQU80?oc=5,,False,
Scripps CEO: Hospitals running out of ways to cut costs,2026-04-20T17:36:57+00:00,Beckers Hospital Review,finance,https://news.google.com/rss/articles/CBMiowFBVV95cUxPQkIxcWdGMDlwMUNfcmdkaEc3MDNiRE8yWmxQaGQyX1ladnhJMnhYdnBiMjhYYUZ5R1VTZ2JmbGJkSVZKdmpmMC1icWtyVHo1ZHBCcmNid0o4UmY0Z1Bja2FWVUdyb2ZQUlpLdkJGUFJyc1gxZ0dnTzAxNDdXR3RfdXBlQWh4TGtNbG9OYURid3RsOERWX19qMFpRY0lxYkduVFI0?oc=5,,False,
10 providers seeking RCM talent,2026-04-20T15:29:29+00:00,Beckers Hospital Review,finance,https://news.google.com/rss/articles/CBMiqgFBVV95cUxPMHptWVcxQWs2X2ZOS0JwbXAxU1lQejQteTcyczFrZWM4czdxUE5sMVVpOU50V0pLQnpjU0pqMV9ueERnRHhxMjdtNWdrcHYyc3hVU2F4VDRXQ2xiZGxBZFFoQ205R0wzcURjWjU2WE5IWlNBOTdRSVNRQ1JXTXFtYUZYV2FFNURBdkkyeUp3cV83WkM2SXBFT29ZZ3hMVEFmLXRfMzNFeDZEUQ?oc=5,,False,
Republicans eye healthcare cuts to fund Iran war: Report,2026-03-31T07:00:00+00:00,Beckers Hospital Review,finance,https://news.google.com/rss/articles/CBMipAFBVV95cUxPOHFsVVhXRWFrbjQ0UTZVQjFqUjNvdUY3X3lPM0tBZ2xKRGxHLXF3YnhXZjVsQnhlSEVWWlJuWDZFMEpZbUZTOXVGdjdpRjJMMWhDN2pCUUdUc0E3anNrdkx1UGE2NDZCSnJFWUdpUXhVWmlwdlgxcEQ1Tk0wdmg4ZVMwR0NTaS0wbVRsMUx1X1hCaXUwUVEzdC1CdzdUdHBLNG5XVw?oc=5,,False,
Hospitals’ $1.6 trillion cost crisis: 10 things to know,2026-04-27T15:02:28+00:00,Beckers Hospital Review,finance,https://news.google.com/rss/articles/CBMioAFBVV95cUxNcmx3WFg5T0FHXzRkTUdyMnQ4TlR0cVF2RFZwYWxrRzR3Qi1NWmw0RmJ5ejdLVmVvOXhmdmNWWk9FbDBjOFAwNmNBRXNzTERWQ2w4X21wWnF5TW1NbnFHMTBxY01lbGlwN3ZJYzAyWWlKbU9lMHNUM1NXWkJXeFFZR1lVS2lVMVVFLXNjOXVwWDZwUmdveVduZW1LM2FlQTdl?oc=5,,False,
‘We cannot cut our way to success’: Hospitals prep for Medicaid crunch,2026-05-07T20:29:58+00:00,Beckers Hospital Review,finance,https://news.google.com/rss/articles/CBMitAFBVV95cUxQRVl6N3JXUUw2bGF2QXJobUc2aW43VHNTeEFpUWZER2VQUVlCeGdxTHJUSHpxaF9tSVEtZHJJdHNsVl9CYTlxd2VjTF8wdGV3SkhJV01RaGNvNkhnaUpJS3ZKb0l1ZnRwY1hRZlk0cENwSnFzWXhSSFNWQ0U0OFdPdGJPNjhudHlNYnVJclE1UkhZeUFsOXlLN0hVSmd3NTcwYXdLdkQwVm5QUUZFakpTemJza1A?oc=5,Medicaid,True,
"The hospitals, health systems cutting jobs in 2026",2026-05-07T21:21:27+00:00,Beckers Hospital Review,finance,https://news.google.com/rss/articles/CBMinAFBVV95cUxObHdCd05zQVdKaVAwa1ExUmZWYVRIRzBzUkkxenJVMlkxMFE5MWdqWU4xSEF4b0RqSE5LWEV3VXl0cHpMNEY3TTdhWW1laUFWbEE0MXBtSy1NRUwyVWlSRnBUSGQ2cW5SZVd4REx6azFyYVRCcVhtc3lqdkFsR2xTUEVkeGFZMFlJTEVMZVRteGVmaXZEbG5NbGhORkY?oc=5,,False,
Retirees trade vacation homes for ‘med-à-terres’ near specialists,2026-05-28T13:51:08+00:00,Beckers Hospital Review,finance,https://news.google.com/rss/articles/CBMirwFBVV95cUxQdER5ZGowYzFidVYzVFlRSjQyZ3lXNXdIZHh6QzAzemhuc3dERHRKLThMYUV3TEN6d0tfclpLUWxXeGdaWHVvNTkyampGTUo2SG5pYjlkdmNzbFZSSGZINjNCaVNQZ3V0b1ZGbUk3RGticTZza0pEX2ZjNUlXd0tsWnpkd1V1aU85ek9VOFRiRUdvR1AxWUFoSGEwbDJocFZFbFJiMFhKeDNUeWlJNlk0?oc=5,,False,
Quorum Health to go nonprofit: CEO says it’s about ‘survival’,2026-05-22T12:32:04+00:00,Beckers Hospital Review,finance,https://news.google.com/rss/articles/CBMipwFBVV95cUxQT2NIQVhQY2gyczlqYVZCNW9udVFycFpjdXNySVVCY2lieHZtTlJaS2hpcktzOHB6LXhYOFptb2NqSWZIckJEeUlKbHFRU0tYTzltbzJLZVh5VEI5VVVfQUdPS3g2Z0hjTks1amNTb0NzZEhYUmdqREM4cHpjMHFjSDFrUkNMUVRNcEs4enNubVJXLTJaSTN1dU5TTUFWeldsRzF6X0w4cw?oc=5,,False,
CMS to cap state Medicaid payments to save $775B: 7 things to know,2026-05-20T22:11:26+00:00,Beckers Hospital Review,finance,https://news.google.com/rss/articles/CBMisAFBVV95cUxPTUd3UC11YnM2WVhFOG5qcDl2cDlLYVFWVmJUZFlRcURkay02aFpUcDF6MjBXbGh4dVVKTEtwdGNCR2lqbmpzcnBIVEwyTW16UGZlbXdNVGstNUU5S1dRSnVFNEtTUzNMRzVueTc1MGhZSzlRMFVIWmE4Zl9WWThqRWw1QTdkTHNhOE04cmFNbkVDR3N2a3N6bWxzcFlKck9wbHNBTVJ2RWpDZXNkaUVfbg?oc=5,Medicaid,True,
41 health systems with strong finances,2026-05-20T16:41:00+00:00,Beckers Hospital Review,finance,https://news.google.com/rss/articles/CBMijgFBVV95cUxPak5CTzUzX1IxU29sbEZBWDYzakE0UnpxdGZfMXdGakF6RzZHeDJBMHM1UndfcTFhcTZNa3VjZ2ZQNUpBQUJfQUU0eVNaZnZGbXc5S21xMFM0UVRQX1hjVzhNX011Z2VhQlZZZWh3QTFCQTNkVDVvZWJCUi1XVFNueVhXcFdrQTNzLUc3Rkh3?oc=5,,False,
64 health systems ranked by total assets,2026-05-29T17:17:55+00:00,Beckers Hospital Review,finance,https://news.google.com/rss/articles/CBMikAFBVV95cUxOdUs4ZDhldTB6NkVzemtFNEozM1lPUXl6LUNkd09EWjYzcGdKVzl6TG9fZWNoM1ZmaXVmay05cUVNTWp1SmhsZUk3anBEUUNHQ3gwTWdmNWNFd3V2UkVtSkhoa0pvSERvLUp3TV9ZSFFoZWc5UWNpaVB3Q2NrQ3djelhzeFBSOVdrSlJ4YnFHUm8?oc=5,,False,
CMS to suspend enrollment into Elevance’s Medicare Advantage plans,2026-03-02T08:00:00+00:00,Beckers Hospital Review,finance,https://news.google.com/rss/articles/CBMisgFBVV95cUxNdFJHS3M4UXJwLVh6OUxad2ROdVpaUXU2X2dXR1RZUlZYc3hLc2JURmYxai14U0VBLUZYUVY4ZC1EVlJzOWdvdkpGZXQtbFJBWmlNN3F3cHQ4bExGd1l5WW1lZGlGblpYMllSaGE4dGpINzM5aUxvc0NTcVcxbzNzbUZVc0RRMVVLOWFmOVRmclJOaVEyaXpPaXhBbnZVYWl3RURZaExZcnFLdnlHMmMxVHFn?oc=5,Medicare Advantage,True,
"Lawmakers introduce bill to reverse Medicaid cuts, expand Medicare benefits",2026-03-02T08:00:00+00:00,Beckers Hospital Review,finance,https://news.google.com/rss/articles/CBMivgFBVV95cUxQMTdOMTNlZzFuVElybG5uc2xIUUtBeWNUV1Jpd1dHVjdxdEg3cGxveFdub19QZEhVYzAwSnZUS3dCbTR0WDc3OUljbDdHRmdTa1hVd1ZzVHl6bExEcUFYZUpJTHVreUFTb1lEYkk1ZEJubnNmRUNEYzE5RV9vaEJJVWgzWENRV1pFLTBRUHhWRU96NG9kWmJMNHI1MXl4M0h5Yzd3ckFyYVNCOUViU2c0bWl5S3BTOFhfMXNGcW5B?oc=5,Medicaid,True,
"720 hospitals at risk of closure, by state",2026-06-01T20:39:58+00:00,Beckers Hospital Review,finance,https://news.google.com/rss/articles/CBMikgFBVV95cUxPWDBuMlM3azlrWW8zSWI4dDRhQlVVcVowTC1TX3ExN0lLYnFkSFJadVhyTzNITXl1VE1FSXozSXdLTGZINVVwcEZSMDR1OERHdlF4Qkw2SnB2OGxVUXV2T1BZQnZYeWRLem1hWDk3ZFJSZzlnRF8yT0wxeTRkbjlpQzQ5ZEVFYW04ci15bHgtcFZzUQ?oc=5,,False,
Eli Lilly gives hospitals 5 days to comply with 340B policy,2026-06-02T15:41:17+00:00,Beckers Hospital Review,finance,https://news.google.com/rss/articles/CBMiqgFBVV95cUxQRVdNS0lTUWVwOTJRYVVIOTRlRTE3RGtaeXNTZEdoZlhka3l6ZnNhS3B5eFNBNGFDcE53ZU9VWExXeTFJSF9qYjVfcnpoY0JIdnNvVUZqRXZiRWpXX1dCU3RmaGw1R1hORjZrb0hDdkdBdlk1b2RuMDNYTVktWEl6YzNlZWRSN2NpZ1JzcnVnb2lRZTFmYmxCanpOaHNacUR0UVE5V0pFZ045Zw?oc=5,,False,
28 hospital price transparency fines from highest to lowest,2026-02-09T08:00:00+00:00,Beckers Hospital Review,finance,https://news.google.com/rss/articles/CBMiqgFBVV95cUxOVlNvbU5GYlpteVdIVmpyaFg3ejFsWmJlTF9iOVdOM1VGZFlxVXhRSTMzT1dmN2xOcXpKZG5EVkRTM3hpdWVTR29MZXptOHBkbXNvRHNqQVRNRlpOT3pORmtlTHczOEV5NXBrclo4UW05UVQtRW1INF9LSEFvamw1bzZ5b3lwV3g5TTFUaWJsSEVpNldHZVFhVlpidm5oUzB5RjdjZUxkTGtxUQ?oc=5,,False,
