title,published_dt,section,source,link,skip_reason
$13.4B premium hike due to Medicare Advantage overpayments: Report,2026-03-10T20:11:12+00:00,finance,Beckers Hospital Review,https://news.google.com/rss/articles/CBMisAFBVV95cUxPQVlyRDlFNTJFNW44YmYtZ0MwVURKSEp2UDcwcDZTdmtxVFhTd09FRzRHMEpmYjllM2V4VmFZdGdiMUl2Wk5SMmhkOGVrOHluY0E5ak9meDVWUVlPTXN5aFk4RldUejBpVlJnMW9jV212eXJmNGc2WHAxNm1VakRqa2tZaFhTM2ExTHd5UGhRWXJ1dm9VajRNNUpJQzlkdGp0bzB2NlZlN1NuaFVkb18xdw?oc=5,Empty or blocked article page
"Lawmakers introduce bill to reverse Medicaid cuts, expand Medicare benefits",2026-03-02T08:00:00+00:00,finance,Beckers Hospital Review,https://news.google.com/rss/articles/CBMivgFBVV95cUxQMTdOMTNlZzFuVElybG5uc2xIUUtBeWNUV1Jpd1dHVjdxdEg3cGxveFdub19QZEhVYzAwSnZUS3dCbTR0WDc3OUljbDdHRmdTa1hVd1ZzVHl6bExEcUFYZUpJTHVreUFTb1lEYkk1ZEJubnNmRUNEYzE5RV9vaEJJVWgzWENRV1pFLTBRUHhWRU96NG9kWmJMNHI1MXl4M0h5Yzd3ckFyYVNCOUViU2c0bWl5S3BTOFhfMXNGcW5B?oc=5,Empty or blocked article page
14 notes - Becker's Hospital Review,2026-03-05T08:11:53+00:00,finance,Beckers Hospital Review,https://news.google.com/rss/articles/CBMiygFBVV95cUxPcHJNNGhuajhBMi1ycE5TZXJXREh0Y2JqTEdpY01lNXMzRk9JSm51WFNpaFJGOWZUVEJHWjFITDRVbm0za2lSRTdQUmFqcWktMkxCek91dDFhNnhCSTJ6X0lBNXZ1a09HOTNiXzdGdGJOSk9ZRHhVaHR1bkQ2QjdJcjRIYlpJa3JNa0ZXUXhjYnBRQTFURGROMmF6NDR4ZW95VjJlUXNldm9SNy14MVBhSTVzSlpJWHBnbHltdTNmb0NMUzg3bzRrWkd3?oc=5,Empty or blocked article page
Reasons for optimism in hospital finances,2026-02-05T08:00:00+00:00,finance,Beckers Hospital Review,https://news.google.com/rss/articles/CBMikgFBVV95cUxNZ2VUNm9rRWREd3BRNk8taThlTHdiQ0lvamkwQzRYdHlfWFphSWl3QzR3WkY4UmN6ZlVhbDJ6X3dSczRUOUQxYWItYWhYa0poUlB2Nm9jY0FpelE3bUdDclVwTHhZaTFzbk5wSFh4UnRkVDdfZkN0Sk9sdzZ2V3RqSXdBb1VmQ0p6SElGdG9IejBQZw?oc=5,Empty or blocked article page
9 hospitals closing departments or ending services,2026-02-06T08:00:00+00:00,finance,Beckers Hospital Review,https://news.google.com/rss/articles/CBMingFBVV95cUxPdm1zM2szYzJvdHdOdllwYnBmUDB5ZEV6MXQ1WGhMWElxNVZjd2NieHRiR2FWRVI0T3JCcG44TkRxUC1UanRkWnlwQmxpLUtILXBIcUpEOWhWZG5UNm9WUVRWQXVXb1pvRE1ZT1BMU0I3bGxjY1hObmVzZ21VU2ZCTF9vdlduLURUOExKSTFWNzBDNTRXd3JDaWltTUg0Zw?oc=5,Empty or blocked article page
The Medicare Advantage paradox: Who benefits most?,2026-03-24T20:31:53+00:00,finance,Beckers Hospital Review,https://news.google.com/rss/articles/CBMimwFBVV95cUxPb05hTVlqNG9aOEZVVnV5SGlnVHl3cXJIU3RaVGw3R3cwdTNwRGFSUnAxUkxOUjl3YzNSYTRFOHJabzNmMXpWRnpJZFNaTU1uWXEzQ3czdUF5QXNUWHpqZlQxUkpJOVdZYzFXUjBXa3dreThBTlp3aGlJVFpodVlRQTVYSjgxQVVHUHQxT1pKb2ltTjMxeFlMcC1PNA?oc=5,Empty or blocked article page
19 health systems dropping Medicare Advantage plans | 2026,2026-04-01T21:36:45+00:00,finance,Beckers Hospital Review,https://news.google.com/rss/articles/CBMipgFBVV95cUxPejY0dEhMaUVydGV5eWJVSVEtYVBhWEtqenNyakpiOW0wOEhUczZERXB4NzJSb2pyOXphRVQ5cWNRRl9JVzg2S2tIN29odnRldEVzMFMxc054ZlVfRlJLNGxBdW9Jb1BOVWNEMk9YdWgtVXZobFhIMmtZTGpOdDR6SWozdm9GVjlvY0ZhQ3B6dlZWbDhaNHBXUEV4bVVuamRKV1ZILUtR?oc=5,Empty or blocked article page
Hospitals brace for new wave of federal cuts as GOP turns to reconciliation again,2026-04-09T18:51:30+00:00,finance,Beckers Hospital Review,https://news.google.com/rss/articles/CBMixwFBVV95cUxQSWt3RHFwNmEzSUttQXU1RGdBeHZRRXpnWW5GY1ZJWmRJVHJicFI5Zi1QbzZFVnZHTE1WbFdjOUFrMnhJZ1ZKRGRxakc5ZGs3NWw0LVVJUjNhT3I4bmF5cktVcFJnOVAtMEVqbTU2SHFyYlJVSEdPNE5WMVpkdmc5YUp5QmJDTndndFU1YTFmelBGWkoyWC1FeTFxU0NOUlNFVjdnUE9jRk1icFl1cXNZSzFFLXcxVnc0Z1BMTlA4ZG9KLU1uVV9j?oc=5,Empty or blocked article page
"As states scramble to supplement Medicaid cuts, MCO taxes are a tricky part of the equation",2026-04-06T20:44:00+00:00,finance,Beckers Hospital Review,https://news.google.com/rss/articles/CBMi0wFBVV95cUxPeERHWkRuSW1idVh3R2FheVo3bkt2aGgzYlZFUW5ETzdNQ25tWktkSzJtOEpfN3h0UG9zWEFHZVF1M3JrNnBjNEo0SjZRZnhHNWxPUXJMaDFnZmZJMTBxSnNRV1MwYkVWN2VINXBrVk8yamkyZjgzdXpQUVJuYk9DeHU5NEpnZDByaHJjVi11NmpBQUdkSDJNSXJid3NIc1YzYm9xTVhPc3pPNFphc2pEbEhzSE9lOWRyTHhDblNpWVY4cG9hZVNVaXNNNmd4VzlCXzBV?oc=5,Empty or blocked article page
"Arkansas hospital to close after 3 years, transition to psych facility",2026-04-07T21:52:42+00:00,finance,Beckers Hospital Review,https://news.google.com/rss/articles/CBMitwFBVV95cUxQdS1Va2d0UzhSak5jbDBWT3NIUGFvSkROWW1yNTlfT3Z5WUdYVEhtOFY3UlNQbTMzWlU0MXpOQnpmdldBclo2Q0U3d3lqRDdaUTg4Y0l0c3I5Tzk1VXU2ZVNQZmpBd1g1Nnl6MVFITTlLbWt4eGI1RjJHMEN5eDU3NkdnaDVReWpvT2FreE9mX0JYWk4yU1YzbU1iU1h5T0U2OFp6SWtTSFpyYzQ4YlJPUDE2VkFsb00?oc=5,Empty or blocked article page
CMS hikes Medicare Advantage rate 2.48% for 2027: 6 notes,2026-04-06T21:48:41+00:00,finance,Beckers Hospital Review,https://news.google.com/rss/articles/CBMipAFBVV95cUxPSl8yVWsyb3pwQVFmTE9FU0pMVzZEUEhqNkNZaXR4RVVZa3k0dl9HRmR3MDJYNW5CZWN0dDhSSmR1RktiREQ3WVRpUlVGV29qLXhuMDRBV0hhYnFxVk1GRDlmWEN6QzNxZ19qOUE5cmlMeGtLMldNWm5kdnFVYndCYmpUOG93Y2hQNlloajZzQUxhVkxETXhKOUhYYThKWVc4SkNHUw?oc=5,Empty or blocked article page
23 profitable health systems in 2025,2026-03-24T07:00:00+00:00,finance,Beckers Hospital Review,https://news.google.com/rss/articles/CBMiiwFBVV95cUxObHdnVVNvUmFlRjBZWnYyamRYZmo2Q3c1dlQ3dndXV00wbEZfRG9SVzZpNEFoc05wemtqaDBmVW5nNzBDQW9raWNrM2FzaVZNZks3Z1pzOWJjT2lPT1A3OC15bzFkSVl3QUh4RjF2WGttcnRzYzdYazBZcDRfdl9xSm4yQXdBV1pXSDBB?oc=5,Empty or blocked article page
California system to lay off nearly 300,2026-02-25T08:00:00+00:00,finance,Beckers Hospital Review,https://news.google.com/rss/articles/CBMijwFBVV95cUxNSXFmTmd1ZjZod21wekRWQzJ0T2lLQ2Z4Sm41c2JwZ1hnV19NU25zcVZhSW5La1FfSndUaWQ5clV6VkdSYzRFLUFKMV9YOGxsUHJfMjk3X2FiMDB4bTZRcUFoajFGNUpEOE1hc0lxZUdPWGJud1ctRTRhd0hxdV9XVDdGZXF6WEhZQTBabjJkMA?oc=5,Empty or blocked article page
Hospital margins take a dive,2026-03-12T07:00:00+00:00,finance,Beckers Hospital Review,https://news.google.com/rss/articles/CBMigAFBVV95cUxOdjFCSlRNaXJmU3RhWVZHS0dPU3Fxem9SWWNfUHRDcG4ydkhsaUxIWHNCelFXZFlrRWtSTjJnYXhqb2loSGN1aWNiUzI2Smk2WG5KSml3Smd6VFpLRldyTm9XOWR6dTNJM1NXNm1pRFpDS1R0UjR0aVhORlhibHZVdw?oc=5,Empty or blocked article page
32 health systems with strong finances,2026-04-15T13:21:53+00:00,finance,Beckers Hospital Review,https://news.google.com/rss/articles/CBMijgFBVV95cUxOQjR5cDh2azJYMFZRME1SQkdWNkFHUFgzRjY5Nl9Nb19jRUR6SlhCNjMwSDN2THZDeUNBZGdpcmF6NWdteUNOSlZ1bXRrbldjdnpVTEtfcWJsVk15aEhoaTdCZ0JXU2MtNkdoYzBjWXJsaUVSQTJCSVlXa2VvamFncjBrQ2N4N3BaNzI0RC1B?oc=5,Empty or blocked article page
State Medicaid budgets to lose $664B under OBBBA: Study,2026-02-26T08:00:00+00:00,finance,Beckers Hospital Review,https://news.google.com/rss/articles/CBMiogFBVV95cUxOVjZtYllteHVGWHlRNEhzNDk1NnI2QmlHaDVoeUxWSmJaUUZfSE1XaXJQMF9LdnlVS1Z3d1VrOGJRN1Y5Sy1SaWF4N1hsaUxHV2Y1RzFFX2RGcklZaFo4YTJPWk96SVBFSjBhN0FmMlhmV0JTeklENTFiZElDQVd0bFNjSG12a3kyU2E4ZmM5bS1OQ0s5NFhPOU9jblFsbDJzTVE?oc=5,Empty or blocked article page
Employers are done being quiet about healthcare costs,2026-04-23T18:04:20+00:00,finance,Beckers Hospital Review,https://news.google.com/rss/articles/CBMiogFBVV95cUxOeDZFaXQwQzRIeFBqeTZQZHREbWc1OWxGdDZPa1hnYnoxQS1ZbUN0OXFiNjBWMlpIeGRyWXd4T01UeTQwNTctNkx5bHZNQm1CTE9vc1BiT1BqTWZ0RjY5NXJTUTFXLVJLS2pHenczZjhVQ2xFZGhsN1JiQUFPaUtDTGtBM3k0dzNLZmJDcXdyZ1BZQlV3MUZFSi1hT3gtQVFwRVE?oc=5,Empty or blocked article page
A third player enters the AI arms race,2026-04-22T16:05:38+00:00,finance,Beckers Hospital Review,https://news.google.com/rss/articles/CBMirwFBVV95cUxPdGJrUkh4RVdYWTUxdnhvcko2VVZXTzQ1Qm92LVBRUzM0TXphdk1JOGZ6TGtUaXhGLUZ0OFpXc1ZGd2RoRU00R0xPa2pDb3RjWlZqOGhmRlhFX0RQR21LYnhNSnBRMDBod1dfa1RRMWxxYngyekhtOWdNTE42TlRoM0szbWhPZzNpZUVSYjdtMTk3MlgtZGVNQzRrbExxNWFjRVJGRUxOWHgzcXVZQU80?oc=5,Empty or blocked article page
Scripps CEO: Hospitals running out of ways to cut costs,2026-04-20T17:36:57+00:00,finance,Beckers Hospital Review,https://news.google.com/rss/articles/CBMiowFBVV95cUxPQkIxcWdGMDlwMUNfcmdkaEc3MDNiRE8yWmxQaGQyX1ladnhJMnhYdnBiMjhYYUZ5R1VTZ2JmbGJkSVZKdmpmMC1icWtyVHo1ZHBCcmNid0o4UmY0Z1Bja2FWVUdyb2ZQUlpLdkJGUFJyc1gxZ0dnTzAxNDdXR3RfdXBlQWh4TGtNbG9OYURid3RsOERWX19qMFpRY0lxYkduVFI0?oc=5,Empty or blocked article page
10 providers seeking RCM talent,2026-04-20T15:29:29+00:00,finance,Beckers Hospital Review,https://news.google.com/rss/articles/CBMiqgFBVV95cUxPMHptWVcxQWs2X2ZOS0JwbXAxU1lQejQteTcyczFrZWM4czdxUE5sMVVpOU50V0pLQnpjU0pqMV9ueERnRHhxMjdtNWdrcHYyc3hVU2F4VDRXQ2xiZGxBZFFoQ205R0wzcURjWjU2WE5IWlNBOTdRSVNRQ1JXTXFtYUZYV2FFNURBdkkyeUp3cV83WkM2SXBFT29ZZ3hMVEFmLXRfMzNFeDZEUQ?oc=5,Empty or blocked article page
Republicans eye healthcare cuts to fund Iran war: Report,2026-03-31T07:00:00+00:00,finance,Beckers Hospital Review,https://news.google.com/rss/articles/CBMipAFBVV95cUxPOHFsVVhXRWFrbjQ0UTZVQjFqUjNvdUY3X3lPM0tBZ2xKRGxHLXF3YnhXZjVsQnhlSEVWWlJuWDZFMEpZbUZTOXVGdjdpRjJMMWhDN2pCUUdUc0E3anNrdkx1UGE2NDZCSnJFWUdpUXhVWmlwdlgxcEQ1Tk0wdmg4ZVMwR0NTaS0wbVRsMUx1X1hCaXUwUVEzdC1CdzdUdHBLNG5XVw?oc=5,Empty or blocked article page
Hospitals’ $1.6 trillion cost crisis: 10 things to know,2026-04-27T15:02:28+00:00,finance,Beckers Hospital Review,https://news.google.com/rss/articles/CBMioAFBVV95cUxNcmx3WFg5T0FHXzRkTUdyMnQ4TlR0cVF2RFZwYWxrRzR3Qi1NWmw0RmJ5ejdLVmVvOXhmdmNWWk9FbDBjOFAwNmNBRXNzTERWQ2w4X21wWnF5TW1NbnFHMTBxY01lbGlwN3ZJYzAyWWlKbU9lMHNUM1NXWkJXeFFZR1lVS2lVMVVFLXNjOXVwWDZwUmdveVduZW1LM2FlQTdl?oc=5,Empty or blocked article page
‘We cannot cut our way to success’: Hospitals prep for Medicaid crunch,2026-05-07T20:29:58+00:00,finance,Beckers Hospital Review,https://news.google.com/rss/articles/CBMitAFBVV95cUxQRVl6N3JXUUw2bGF2QXJobUc2aW43VHNTeEFpUWZER2VQUVlCeGdxTHJUSHpxaF9tSVEtZHJJdHNsVl9CYTlxd2VjTF8wdGV3SkhJV01RaGNvNkhnaUpJS3ZKb0l1ZnRwY1hRZlk0cENwSnFzWXhSSFNWQ0U0OFdPdGJPNjhudHlNYnVJclE1UkhZeUFsOXlLN0hVSmd3NTcwYXdLdkQwVm5QUUZFakpTemJza1A?oc=5,Empty or blocked article page
"The hospitals, health systems cutting jobs in 2026",2026-05-07T21:21:27+00:00,finance,Beckers Hospital Review,https://news.google.com/rss/articles/CBMinAFBVV95cUxObHdCd05zQVdKaVAwa1ExUmZWYVRIRzBzUkkxenJVMlkxMFE5MWdqWU4xSEF4b0RqSE5LWEV3VXl0cHpMNEY3TTdhWW1laUFWbEE0MXBtSy1NRUwyVWlSRnBUSGQ2cW5SZVd4REx6azFyYVRCcVhtc3lqdkFsR2xTUEVkeGFZMFlJTEVMZVRteGVmaXZEbG5NbGhORkY?oc=5,Empty or blocked article page
Retirees trade vacation homes for ‘med-à-terres’ near specialists,2026-05-28T13:51:08+00:00,finance,Beckers Hospital Review,https://news.google.com/rss/articles/CBMirwFBVV95cUxQdER5ZGowYzFidVYzVFlRSjQyZ3lXNXdIZHh6QzAzemhuc3dERHRKLThMYUV3TEN6d0tfclpLUWxXeGdaWHVvNTkyampGTUo2SG5pYjlkdmNzbFZSSGZINjNCaVNQZ3V0b1ZGbUk3RGticTZza0pEX2ZjNUlXd0tsWnpkd1V1aU85ek9VOFRiRUdvR1AxWUFoSGEwbDJocFZFbFJiMFhKeDNUeWlJNlk0?oc=5,Empty or blocked article page
Quorum Health to go nonprofit: CEO says it’s about ‘survival’,2026-05-22T12:32:04+00:00,finance,Beckers Hospital Review,https://news.google.com/rss/articles/CBMipwFBVV95cUxQT2NIQVhQY2gyczlqYVZCNW9udVFycFpjdXNySVVCY2lieHZtTlJaS2hpcktzOHB6LXhYOFptb2NqSWZIckJEeUlKbHFRU0tYTzltbzJLZVh5VEI5VVVfQUdPS3g2Z0hjTks1amNTb0NzZEhYUmdqREM4cHpjMHFjSDFrUkNMUVRNcEs4enNubVJXLTJaSTN1dU5TTUFWeldsRzF6X0w4cw?oc=5,Empty or blocked article page
CMS to cap state Medicaid payments to save $775B: 7 things to know,2026-05-20T22:11:26+00:00,finance,Beckers Hospital Review,https://news.google.com/rss/articles/CBMisAFBVV95cUxPTUd3UC11YnM2WVhFOG5qcDl2cDlLYVFWVmJUZFlRcURkay02aFpUcDF6MjBXbGh4dVVKTEtwdGNCR2lqbmpzcnBIVEwyTW16UGZlbXdNVGstNUU5S1dRSnVFNEtTUzNMRzVueTc1MGhZSzlRMFVIWmE4Zl9WWThqRWw1QTdkTHNhOE04cmFNbkVDR3N2a3N6bWxzcFlKck9wbHNBTVJ2RWpDZXNkaUVfbg?oc=5,Empty or blocked article page
41 health systems with strong finances,2026-05-20T16:41:00+00:00,finance,Beckers Hospital Review,https://news.google.com/rss/articles/CBMijgFBVV95cUxPak5CTzUzX1IxU29sbEZBWDYzakE0UnpxdGZfMXdGakF6RzZHeDJBMHM1UndfcTFhcTZNa3VjZ2ZQNUpBQUJfQUU0eVNaZnZGbXc5S21xMFM0UVRQX1hjVzhNX011Z2VhQlZZZWh3QTFCQTNkVDVvZWJCUi1XVFNueVhXcFdrQTNzLUc3Rkh3?oc=5,Empty or blocked article page
64 health systems ranked by total assets,2026-05-29T17:17:55+00:00,finance,Beckers Hospital Review,https://news.google.com/rss/articles/CBMikAFBVV95cUxOdUs4ZDhldTB6NkVzemtFNEozM1lPUXl6LUNkd09EWjYzcGdKVzl6TG9fZWNoM1ZmaXVmay05cUVNTWp1SmhsZUk3anBEUUNHQ3gwTWdmNWNFd3V2UkVtSkhoa0pvSERvLUp3TV9ZSFFoZWc5UWNpaVB3Q2NrQ3djelhzeFBSOVdrSlJ4YnFHUm8?oc=5,Empty or blocked article page
CMS to suspend enrollment into Elevance’s Medicare Advantage plans,2026-03-02T08:00:00+00:00,finance,Beckers Hospital Review,https://news.google.com/rss/articles/CBMisgFBVV95cUxNdFJHS3M4UXJwLVh6OUxad2ROdVpaUXU2X2dXR1RZUlZYc3hLc2JURmYxai14U0VBLUZYUVY4ZC1EVlJzOWdvdkpGZXQtbFJBWmlNN3F3cHQ4bExGd1l5WW1lZGlGblpYMllSaGE4dGpINzM5aUxvc0NTcVcxbzNzbUZVc0RRMVVLOWFmOVRmclJOaVEyaXpPaXhBbnZVYWl3RURZaExZcnFLdnlHMmMxVHFn?oc=5,Empty or blocked article page
"720 hospitals at risk of closure, by state",2026-06-01T20:39:58+00:00,finance,Beckers Hospital Review,https://news.google.com/rss/articles/CBMikgFBVV95cUxPWDBuMlM3azlrWW8zSWI4dDRhQlVVcVowTC1TX3ExN0lLYnFkSFJadVhyTzNITXl1VE1FSXozSXdLTGZINVVwcEZSMDR1OERHdlF4Qkw2SnB2OGxVUXV2T1BZQnZYeWRLem1hWDk3ZFJSZzlnRF8yT0wxeTRkbjlpQzQ5ZEVFYW04ci15bHgtcFZzUQ?oc=5,Empty or blocked article page
Eli Lilly gives hospitals 5 days to comply with 340B policy,2026-06-02T15:41:17+00:00,finance,Beckers Hospital Review,https://news.google.com/rss/articles/CBMiqgFBVV95cUxQRVdNS0lTUWVwOTJRYVVIOTRlRTE3RGtaeXNTZEdoZlhka3l6ZnNhS3B5eFNBNGFDcE53ZU9VWExXeTFJSF9qYjVfcnpoY0JIdnNvVUZqRXZiRWpXX1dCU3RmaGw1R1hORjZrb0hDdkdBdlk1b2RuMDNYTVktWEl6YzNlZWRSN2NpZ1JzcnVnb2lRZTFmYmxCanpOaHNacUR0UVE5V0pFZ045Zw?oc=5,Empty or blocked article page
28 hospital price transparency fines from highest to lowest,2026-02-09T08:00:00+00:00,finance,Beckers Hospital Review,https://news.google.com/rss/articles/CBMiqgFBVV95cUxOVlNvbU5GYlpteVdIVmpyaFg3ejFsWmJlTF9iOVdOM1VGZFlxVXhRSTMzT1dmN2xOcXpKZG5EVkRTM3hpdWVTR29MZXptOHBkbXNvRHNqQVRNRlpOT3pORmtlTHczOEV5NXBrclo4UW05UVQtRW1INF9LSEFvamw1bzZ5b3lwV3g5TTFUaWJsSEVpNldHZVFhVlpidm5oUzB5RjdjZUxkTGtxUQ?oc=5,Empty or blocked article page
CMS puts Medicaid demonstration waivers on a tighter leash: 5 notes,2026-06-11T21:31:53+00:00,finance,Beckers Hospital Review,https://news.google.com/rss/articles/CBMioAFBVV95cUxNNUhzWXNnRjJnWm9zUmxXSWpPMTRmOUNFY2V6LTlyRmZYc2RPNk83NGpMMk1EaXJFYkotRzRVSzl1VS1UTEFIU21oeUpSWTd0NDZZLUVNY01za2Z2WTBvdm5kQVFqS0lNRWtOUGk1LTN6TEtmWnBnNmtJbUx3X2ZyNjd5ZkNFNHRicGJaUi1qTThoQWQwMDdMVnlBMWk2TENT?oc=5,Empty or blocked article page
Healthcare faces ‘watershed moment’ as costs to jump 9% in 2027: 7 things to know,2026-06-11T07:00:00+00:00,finance,Beckers Hospital Review,https://news.google.com/rss/articles/CBMiwgFBVV95cUxNbm9JcVF6QV8xOHl2MTFHZ0dIWUxlUUpqSVJzMmk1RTBQUDViQmZRazNqMVhqQmpUSGt2OVRYakw1bFhZSGRDSHJjM3lITS1rMmtWX3BIS1lLdUNldFY3M01RemRLZXN1RlRwYWVOUnFrRllENFFON2phSWZWaHNtTVZTV0hKczBJdkdnNy0tdV9oV19kalItczlCazhBTTRyVmNBVDFNZEtKdWkzTFhzSzRoZFZGZjRkanFaMkNXSGRtZw?oc=5,Empty or blocked article page
Michigan eliminates $74M in medical debt,2026-06-24T17:22:23+00:00,finance,Beckers Hospital Review,https://news.google.com/rss/articles/CBMijwFBVV95cUxPX2NVdGsxTVVhUEhTTVJ1MXd0MXpPb2wwY2JNcjhzbFcxLXdwdEp0TDFUc1ZRaFJPYkhGeDlCRkFZMjRFaXNLMm1icEJsLWNobWFQSEJkU1ltSXRBM1ozTlQ4dFVGWkgzTzZVTVA0VnIyR1ZjRkhVcWJETWlsU19YRUdjdUdGMTEzZTlOdTRhMA?oc=5,Empty or blocked article page
Are rural hospitals best served by trading competition for collaboration?,2026-06-23T17:03:07+00:00,finance,Beckers Hospital Review,https://news.google.com/rss/articles/CBMiuwFBVV95cUxPTFhZU2sweEVCLVl5dVQ5ZXhuX0IwaTlfVDBFbmV0VnFtZDlidUJZenYwczBZeHY3R204MldWdkZ2VlpzUFZGbUxsWUFpSW5ZX3pvTmh3Yno0eTM3MGVtQ0NqSUV6WUh6cG1VS3ZtVkhMT1ZERERxeTBRZXRmeG9FNC1kUlVXLXMteGpvZXVfUE1kNFNiMkE3T3BMd0sybUNNcUtDWkp3U1JOVUR0eF9ObkQ5SWFYdHBZYWRR?oc=5,Empty or blocked article page
Ascension Oklahoma facility seeks rural emergency hospital status,2026-06-24T18:00:00+00:00,finance,Beckers Hospital Review,https://news.google.com/rss/articles/CBMisgFBVV95cUxNVlZuSTRfX1BLc0YxUUR0cmowdENrQkdoUXNURXRnSjVtTzVuMVBPUVVPUWJZY0hkd1czamxaQmo4a19nQzBVZl82RHdNblpNMEVabU4tYlVwcWE4NXpmTFpBaWRnOHhGalgyZXhwaXJXSXhidDJ0NTUyQ2ZPUERqeGdqR2UwNXhhWU0zbUF1OTFENlRKbjMwTGxlSHVpV1kzdzJLcTNWVG9GUFhPYlRCaUJ3?oc=5,Empty or blocked article page
"602 hospitals’ deficits could grow 50%-75% under combined cuts, nurses union warns: 8 things to know",2026-07-06T22:12:59+00:00,finance,Beckers Hospital Review,https://news.google.com/rss/articles/CBMi2gFBVV95cUxOU2hqb3otREZwOUh3VXdabkN4eGFKdHk3YjF2cTlySi1jS0dBdzZXczF5aGhyZmRrLWFDaDlKbkNQa3pONWFfQUtIZVo0bXlNV0h6VFFrRWpuTnpCdE5oeTdDZzM1RmM4b2lyQmRrV0ZnVWlqa1IxOFZWVzBaeWFpOGFVNmhqNWRKMk1WSnR6VHV6Nk5yb1FmeC1PbXAza3NlNVItRFJHc05tYUV1UDZ0OURqbElDOG5OM1FJR0QtelVLSW9sT2ZGcmRaeXhORGNmMnpNcVlXRzN4UQ?oc=5,Empty or blocked article page
‘The fight is worth it’: How rural hospitals can recover from the brink of closure,2026-07-10T18:15:00+00:00,finance,Beckers Hospital Review,https://news.google.com/rss/articles/CBMixAFBVV95cUxNS0owMFJaa29OZGJweXMwWXlsLS1lbGpfSGpjRV94S1dEa0p3NmYyT2s0bG1yYkZZRVFLOEdscndsY2hiVXJ0QWdtcEdlclBGLWZIa3RUcFhLV1Rnd25yNzh3b2dHVl9lSm02US1BNU9rZDZIQUZyczBpNDBsSTNvemhjcUs3Q2lfb2ZxRmxpOVRFMjNEY2lyNFZQM1ZyOUFqN2N6bFRhaVRWM2lCNVh2NnlmZ3YySlY1VW1VQUNxc0Yxdjla?oc=5,Empty or blocked article page
"CommonSpirit’s CHI Health Mercy Council Bluffs to close labor, delivery",2026-07-10T17:34:01+00:00,finance,Beckers Hospital Review,https://news.google.com/rss/articles/CBMitwFBVV95cUxPREZla0tFdnVVYUFHdDMtdjk3NU92Nk5uNVZkUHBReGM5U0NFdzNka0QyUU82V1dVNjlGMHl0dU9RQ0w2bWtsa1VmdDluT1ZhVnJVamNaamV0bm5qY1V0b2tLRlJtVHE4ekZzdm53Rm1xaGlLZmJaVjRob08xM2lDajlSdzJ4TWZJMmx3UDJkRlRDTG1Ua084TE9yRHlRM2RQWXpHUjFDbDhjQVd1TG1tSUtIaHd1alU?oc=5,Empty or blocked article page
‘The ice is cracking around our feet’: Inside a Chicago hospital’s fight to stay open,2026-06-29T21:22:15+00:00,finance,Beckers Hospital Review,https://news.google.com/rss/articles/CBMixwFBVV95cUxPZDhPajd6VW1TWUR1WnhJdF9yX3dHaVhWTEdKY3RGQ2JhQmRqTE5fVkp0ZUowU0lzeGFVeG5mWGswRzVfNE9UMmFiUHVjNjNMY3JJTks1WkwybmlSTnJhUlFiQXNWd1NfUmdVZGYyQl9wQUZHYWdlQnpyOXBIUFVoRVMtRmpkaTFXM0NFNEh6VkRkaUdCS3pwNGo3SkZaWTdheTlNMGlPZHBJUzhPUEMwa25iMVpLSlhjWnlYX3d6YTF2cFpLOHlr?oc=5,Empty or blocked article page
CMS scraps ‘fast-track’ process for certain Medicaid waivers: 6 things to know,2026-07-08T21:47:58+00:00,finance,Beckers Hospital Review,https://news.google.com/rss/articles/CBMivwFBVV95cUxOSk90eG85cEJadlVXb1B5aThGZVZPUkFGbUloRzdCcW5haERtSGJEX0tXUE9NS29PdjdscE9HWFNrMWt5eldDdW1WRWJFX0JLbmFUdmNicUF6ZHdSckVmMDJkeTJFMVpFQWVSenoySXhpd0YyalZndDY1X3hfbEppbk1sYmJSOXhoVWN4emFKZFRPbktBbDJRRXJFSFFMSkVYczhHVzJkV0I3QmlPb2NyODlFUlRRTGJHejZPdVBGcw?oc=5,Empty or blocked article page
"CMS targets 340B, site-neutral pay in 2027 outpatient rule — 8 things to know",2026-07-02T07:00:00+00:00,finance,Beckers Hospital Review,https://news.google.com/rss/articles/CBMivgFBVV95cUxOTkhKOWRBbE4yNVNRcm9wRGdNSkV5UGhaY2VQV195YllhSVpOeFc5eGF4TVQ3RlZOdWtsVEJXaDBUcFVWcGQ0a1VERE96M0ZXeWZMU3l2OG1kWjFfdUpoREpUYXUwUFRrb0dvaUlMRHRha0tzbHZvdlIzN2praFlyVElyVWJKTVdpSll1ZW1MalpFajN3TngzS3I3UG0xdmttSFNSRzdJNUEtTU84SWNBNE5JZXplRGZvSUNRUnJn?oc=5,Empty or blocked article page
"700 rural hospitals at risk of closing, by state",2026-07-22T14:41:04+00:00,finance,Beckers Hospital Review,https://news.google.com/rss/articles/CBMimgFBVV95cUxOaTQycUJRZk9sRUVxVk5zbmU0VU54aUFaRFY1MWtURVBaMGRyWGVrUHJqT2ZUWHRqeHpuLWdkRUVBUUdWQ0pRSjRkMUNZbTczTDNpMkZXR3hMVmVkS0JMRVFmcC0taFlGZmFwRXJpUThwRnZZd2diSkxkX2lDVzZfQTNuRXR1NFllMHpsQ0dLSXk2d0N0ZUtPMEF3?oc=5,Empty or blocked article page
New AI billing codes spark concern across nursing,2026-07-17T07:00:00+00:00,finance,Beckers Hospital Review,https://news.google.com/rss/articles/CBMivgFBVV95cUxOREc4TWJQcnpSQVM0Z1NFdjBTYXBrcWNLWlZqVG9icW0zandCbnQ4dV9nNzNGd3pCcnJsZGtqc0kxbDN3SlR0cDBESHZlbjFXVXNlcDNmSWtoRFpiVUpjYmZoSVJrb0RmMWdQajFtU3REbl9JdUVkblNDWVZGOFR6LXlITTJGWk1mNW9qYWlmNXZFb3d2Qld1M3F2MEtTRFFSR0VPWEtCUTNENnM3NUF2Q1llSC14bGxvX0NwbXhn?oc=5,Empty or blocked article page
"Delaware to phase in hospital price caps, expand charity care — 3 things to know",2026-07-20T22:08:05+00:00,finance,Beckers Hospital Review,https://news.google.com/rss/articles/CBMivAFBVV95cUxNWXVaWlRzbkZVNkJPZGw0Mndid3huMlZTZm1EWXFyMmZUUFBIOVk2dFVsNndyTURxRFFUekJYSUdseENwQlBBUWdVLXZuU3pvOWptT1N6Vzd0dGFXYjRlOW5LRnpkZXFaNFJsUGcwS3BHenZrMElfbHo0YV9wQUVaLW9wMUM0LWJXcm1JRkprVmVMc3dRSGV3RVVzX2lZWVdoNUJWRHQ3TTZOSEhETFZIOFBSdWdFa2NhdmlnVg?oc=5,Empty or blocked article page
ACA fallout hits for-profit health systems harder than expected,2026-07-24T18:02:34+00:00,finance,Beckers Hospital Review,https://news.google.com/rss/articles/CBMirwFBVV95cUxNaUY3WWpmT3haWUZOcTRrZ3NJb0JqSzROcFhVQ1NNVE1jR2V3M1lPWnU3Zk5QNUdsZEd0b2VJNVVfV3hXSUFhOHZPVjZ0TDNZbkRsTFBUNUpwRkxXWTNKd0hLZ2VhOUxsWGRreG9oanB3a0p1MkNxVWdBRkxMeEl5UjRIS2dxeUhEdUM1Tlk3T0FvNTlOY21Ia0tzMFItUWpqb1dkQVR1M3lBeG9EN2tV?oc=5,Empty or blocked article page
"Bankrupt New York system to close hospital labor, delivery unit",2026-07-14T17:30:19+00:00,finance,Beckers Hospital Review,https://news.google.com/rss/articles/CBMirgFBVV95cUxOLVdULUh4ZGJncElXUVRZenFQWHQ2V01uSW44OGhkMWxkdFRUS3pmcFJWRFNaYzZrWWpoWlBldmU1X0ZCS0s1QTR3VS03SXhYV2VXVlQzREN2Sl9OaHAxWnhXQ1FZOU95a3ZlLWc2ZHV3WkVIVF91bFVlQ3lOX29sRU1rWHJsZVVrNExsbkRIa0tGYUxTallkZ1BaOWdxN1dFV21uUzJ3WHZUY1J2N3c?oc=5,Empty or blocked article page
Centene’s buyouts could have a $315M+ price tag for the rest of the year,2026-07-31T18:00:33+00:00,finance,Beckers Hospital Review,https://news.google.com/rss/articles/CBMitwFBVV95cUxOZ3VFUnNaR2dTajVlTDBQTjBOWVRpZHpheWM4eUFSbkIxUzdMNUc1S1Q3WWY5Q1BMclppTnQtM19sQ29FNW1xb2R2YUUzZjF3SXJ3dkJ2bE5mdHpwd25wUS11Q2tXWkpDTmlmOTR6S0NrNHlaNWl6U2llbG9sdXpISHBqWEkwZGZqX3JMaDZ3S3IyejlzaHZCYjBWenYyOVJhNWpZLTFSSlV0cHFVT1hMNFN0M0M0WFU?oc=5,Empty or blocked article page
"CMS finalizes 2.3% hospital pay bump, mandatory joint replacement model: 9 things to know",2026-07-31T21:26:59+00:00,finance,Beckers Hospital Review,https://news.google.com/rss/articles/CBMizgFBVV95cUxNRUdYejNHaVVUaEJtTVpWRHBwejBnNDhvRHBZTzdTWjdVV1BFVS15Y1hSYlM5WC1adVdVRFRINVRkMFlrZkVUdTNmN2VDaDdlMDg4UDNrZVFJeldJZ3dQQ29fcFByQkdSemhWd2Q1WlA1bXBQQ1JYXzJSSXM3cTJsNHBUMHRBb29pYTlaRUFfUzNkU0tWYkNIYmJQUFR2QVBFMUJwUlMtOGlXUk9Zak5ROUR0ZW1VUThWWHdVem5JWXppbjNmTFBwTFVwNkRldw?oc=5,Empty or blocked article page
Wellstar cuts 761 jobs,2026-07-31T17:01:56+00:00,finance,Beckers Hospital Review,https://news.google.com/rss/articles/CBMieEFVX3lxTE9lbVFNakNGY2dPZ1ZqZmkyenRXVHI4cFVLdF9OamhHbEhfMU1HZWxGQ25CVDNBYlFtdEUyZG4yLUkwM2I4M0Z2T0laVnZ3WmphU1ViaUlQMlFnQmd1c0dtbFE5UG1Ob1l4NGJVYi1VbzBqN3BzNHQ1Ng?oc=5,Empty or blocked article page
UnitedHealth Group becomes 4th largest company in the world,2026-07-30T20:51:30+00:00,finance,Beckers Hospital Review,https://news.google.com/rss/articles/CBMiqgFBVV95cUxPUkk1b1dkVTh3YVNHLVV3MzNwNjZxSG1NZ3ZoOWwyUWV4V01YUUxDMThuZkFvY0FmenMtRDZ6LXc4c0tCWmxGSEFreFl2NnhIcS12MFZ6dkFCbml4MnN0VkRHak1Tb0loeXdvd3BHZ0E2VlJkRlZiaDJtNW9MaEJfZVdNdG1rREMzMzlWUElhVGZQa2txaUtOMVQwVHU2T2g1RUNmVHdVTGdkdw?oc=5,Empty or blocked article page
Why UHS sees Talkspace as an accelerant for outpatient growth,2026-07-28T18:22:01+00:00,finance,Beckers Hospital Review,https://news.google.com/rss/articles/CBMirAFBVV95cUxOdnl0YnozMGI3UGNkVFFiaUhVSVZrSGpka09IUG9pZE9oa1BIR2dOUFU0VmNZSFJjcm5TM0xwcXpvQy1iZ1p1dmdBVWgtM1RFTkRQSnBFWnM1X0ZBSS1ieVlORkFMbE40YmE4U2V0eUg1OV9idFNlN1BnTF9MRGxob3BCR3hKdEYyNGhmQ1NyNDg0SE9qTkZpRXdGQnFsa19YODFSYVU5alF6XzM5?oc=5,Empty or blocked article page
"ACA subsidy fallout boosts some payer margins, pressures hospitals’ payer mix",2026-07-28T23:41:50+00:00,finance,Beckers Hospital Review,https://news.google.com/rss/articles/CBMivwFBVV95cUxNeGY4UFlNYVhsWmRRUHdJVVNpdzgzN0Q3cVhDbHNuMUt0alhCbUduTktuMjRnTW5CTTVMZ1lqX1I0SHNRc1pUcEg4Qk1EQUNMQzJCVkQ3Y2Y5bVV5eWtHa1NUa000ME5iQUZOaXltamRzV0FoYl9oSnM0NE9Qbk9jUWRzRzA5bF9MdVpIMWIzQjZXQW9JTUZHbGRiRVZBUDFVNFBRMkJzdUdXZWdleElZSWNHaHl6dEYtTGwybnFDcw?oc=5,Empty or blocked article page
The 5 biggest health system layoffs in 2026,2026-07-29T21:39:09+00:00,finance,Beckers Hospital Review,https://news.google.com/rss/articles/CBMilAFBVV95cUxQVmw3cl90YldNdGN0SVl5TmdEWjlPUlY1N0NCTi02NE5kM3FkNTdoQzZ5c2hIQUNzczcyLXJKMkdGbndlb0Y5MTl2N0wzaWJVVjRVRGotYkhzMWR1dHNES2VlQzBrY2hTY1pCalhkSVpaRC1qRFRvVEt0UEhZVXNGQzc2cVRmUldja29EamZfYmNlZ3A1?oc=5,Empty or blocked article page
8 things to know about healthcare spending trends,2026-07-27T17:32:40+00:00,finance,Beckers Hospital Review,https://news.google.com/rss/articles/CBMinAFBVV95cUxNRTNUU0x2ZUR5NGZvR1pRU242dWZmTi00WmVYVl9Wa19RbWpqS2JZWVFfYmlzZ0Q4ajNkVVJ6N0FDTEk0TVQ4bzBzbnFTeGo3QWxVZ2t1UXMwQXk1cHpmXzd3SFJRZjdPbWpjckdILTdLRkZBNWJKQWYxODE1cVlNM0RqOXI1OW1xRzhXQkRQZ0hqdURScHVRbUpiWmU?oc=5,Empty or blocked article page
"CMS finalizes payment rules for inpatient psychiatric, skilled nursing facilities: 12 things to know",2026-07-29T21:46:16+00:00,finance,Beckers Hospital Review,https://news.google.com/rss/articles/CBMi3gFBVV95cUxOMS1MbGVBOFpWOE5JWDFPc2NJcWc0Y1NWYTlVc2FQOTUyZDNUbHdlM2lxWXlUYVd2ZWpkNFo2R0QybXFmNmVVMmdaTjlQZVlWa3VzamVnMnFIMm5iRlZGNXRGMkJEWi1nanRqZTk3R3dtQlB2S1hVYWNOVUNMSGw2NkJUYmZuYTdKMnJQdDlDOWpmRk5zVklMLVRCaHFMdUhrc2VHZXFTc2dUdWVLMFFDUVh3bTlUaVBCSUV6RzgwSHZmdjR1ZDFOMkpZaDl5cXR5ek9zTUFIcTJfR2kxVEE?oc=5,Empty or blocked article page
"Urban hospital closures and net change, by state",2026-07-31T17:15:17+00:00,finance,Beckers Hospital Review,https://news.google.com/rss/articles/CBMimgFBVV95cUxNQ1I0eDF3eDFwXy1JdFBpSlpMbXp6N0ZVYnd6eWdPMzREWkNCZ0lCVUpwX1pyX3F6N2I3OGgzNlVOS1EzSHFXWUpnQVdYS0NEdnVMcnV5ampPSFpHMzN6ajVWRHpKUzZPM3BIOGZmaG14cmN2aFV0V1VMWmtuR1Ewd1F3TjNmcFF6dG1ITmRGY2RJSnRXSjBkNHRB?oc=5,Empty or blocked article page
Rural hospitals build scale to stay independent: Commonwealth Fund,2026-07-24T18:00:48+00:00,finance,Beckers Hospital Review,https://news.google.com/rss/articles/CBMisgFBVV95cUxQNGEzSFB5dmZ1MHloTTF6M3QzTUdsSVNGSUVlTUhwYklydWN1d0ZvV2xMLXdQSThqV1NJRFh4QWZQMkpfVnRxY3RDbFJCbV9haEpSZmcycnY0V0lxaWZ0SUg1SEE5ZmZXUTdPREFPb2tzSmRxWUhaLUk2Tm1jY2d2bldKeDBhTzlrYWJBeDg5U2FFOFc2MGdTek5QNFBvSTItbkdaRktVVktnZUxrbW51QUZ3?oc=5,Empty or blocked article page
Jefferson Health sues Independence Blue Cross over nearly $100M in disputed payments,2026-07-24T23:33:29+00:00,finance,Beckers Hospital Review,https://news.google.com/rss/articles/CBMiygFBVV95cUxOY1o2d1hjc2ZPVWFGVDdsLW9wTnMzYjdIOV9WMUxOM3ZMV3gta00teEJqekhBejU2T0xVR3phS1JGOThFcWNzdnZDRGFUblllRFQtRHhNNjBOdnVmUVRNa2JvRWg2d21QOUhjZVMxbjVJZFdpR3NQdmZJdVlJczc5SUpscjAxcEJqeXpyMWRDR0VCVEs1VVI5cmViSElZUjFkbXkxdmdBbW8ydXd2c29NbjU4a1dTOXJRd1ZsNUtGcXhzY1FQWkhFaFdn?oc=5,Empty or blocked article page
Rural hospital closures by state vs. transformation funding,2026-07-28T21:47:39+00:00,finance,Beckers Hospital Review,https://news.google.com/rss/articles/CBMiqAFBVV95cUxQNzg5YUJGQVhUbUlaa3VfTE1VR2hJVXhRNzJka2ZzN1FKTGc1d0RVM3dwMTlUd09MTUN1SjJCczhXWjg5b3NZT2p5YUdQZGNvWTE5YzZOa2tWRVFURThGY3k0SXpKNnVLYmRJR3I2NlNPZGR5WU04ajRHbUx0LUJRUDd1SkpvSkE1SXMzSTRfQUpTRVhxVmtqREduZFM3TGZ0QmlJSFEzVXg?oc=5,Empty or blocked article page
Ascension’s $3.9B Amsurg deal puts new spin on rural health hub model,2026-07-22T18:47:56+00:00,finance,Beckers Hospital Review,https://news.google.com/rss/articles/CBMitAFBVV95cUxQcy1RSm9RZGwwdWRESWNBYV9xamNZUEhuQXh6TGVxSEV3OS1DT1BPeTQzdU9iVmpPUDJ0aVZSU1RnejFodXE0Uk40VG1XWC1pdUp3Y3huLXVHNnk4Q0d3R0lyaFMtMWUtYkNRUzRPSzBjMlJzT1BTSWhxWWRVYm1KbV80a1phMDZGUFBQclZrVUU1ZnVzR2lrbnRNMTdlbDlYaXRoZUY1alZ5eXR6Qy03Q0ZxRWY?oc=5,Empty or blocked article page
"Aspirus to close clinic, consolidate services",2026-07-24T13:00:00+00:00,finance,Beckers Hospital Review,https://news.google.com/rss/articles/CBMilgFBVV95cUxObkJLSlp2Y3hvYW1yM2MyT0E3WGNlNkJ3cmlMX2h1N3NwQ1JuOUZHeHotbHg1T1E1aE5CTFQ0QVFJU2hLb0trTHpWQllrUW1hVUM1cWxHTDZnQ0w1TzR0eHhIM1MtRFlpZjJEWEFnQmRKNmpEU2NIRmFCd0V5UGhtRW1sZmlsMnVGcmFUQUlwbS1BX2xlYkE?oc=5,Empty or blocked article page
"New York hospital to close of sleep center, primary care and physical therapy services",2026-07-20T13:31:31+00:00,finance,Beckers Hospital Review,https://news.google.com/rss/articles/CBMizAFBVV95cUxOQlhIN3hGbG1HNUNSOFp3YmlXSTNlV1FtbF9tbnlwRHozaUUxYUxhVXNDelBjcy1vZHFZR1poUm90NV84NHhsd2FmYXVObml2c2hQREd4Y0dOWk9qV3NEWGxybkV4OGg4UmtlNjdFbXlSR29ESHJwYmhhNlMyY2VwUWE1dURZdmhEZnAtU3F4U2M3UWJPbHdPN3RmaDRxRzh5SEF2TEhvZ2lDNEQ4b0IyYnFXd0M5UXlhc1pGZmIyejhYLUJuLWRBeFE5Qnc?oc=5,Empty or blocked article page
Tower Health hospital to lay off 160 employees,2026-07-28T21:07:19+00:00,finance,Beckers Hospital Review,https://news.google.com/rss/articles/CBMimAFBVV95cUxPTm5zclAyd05QX0NkN0Y0dGFUM1g4QlJBdDNZYWNPcVdVeUVSQmNFbnB2LVJFc2RJSUpjdnd1MjE0dy1mME4wdTRRV2pPUG5YbXRoYmhRLUtKb2FiUkZQN1dLcTJnODNHMTd4VEFvTV9WMzVkU1Axc0lVUGRLakZLRGtzeDNEdWluc3RXVHVhaU9sUEhQUzBSaA?oc=5,Empty or blocked article page
Illinois hospital gets 6 more months to reopen,2026-07-22T07:00:00+00:00,finance,Beckers Hospital Review,https://news.google.com/rss/articles/CBMimAFBVV95cUxNLVQ1Xy1kYTNLcWdOUEtpUkNISmdoX3lWV3NQcnE2dTljcHBrLXlmVEQ1NVRJRG80RW52LUNCTDI4aVpWODBVNFNRT0Vic1Q3RS1sbGQ5MzI0ZEV3RnZfOGJqT2hfZnhDelg3NnU2QW9zaGFxX25EbmRhbTRyTmMxMnI3NWk5Y0Vsc1hxNG9aaUgtUGsxRld6cQ?oc=5,Empty or blocked article page
417 rural hospitals at risk of closure: Chartis,2026-02-11T08:00:00+00:00,finance,Beckers Hospital Review,https://news.google.com/rss/articles/CBMimAFBVV95cUxOVWxGdEttdGhDNjdLSWdLZWNtT3daQ0w1X0tIa0pRdmRLaXNvanY4NEtoTHFnSVU0WlYyRWpsTjdIaWF2RFNNTXlraUF6dllWWDRfaTgxNnZHb1MwV3NwRGd0NW93dkZYQ1BZeGpjZG1SMFRFaTBOMHFnZkZMQk8tSjhWNnZhYXBiSEZRaVk0ZGlQQmJvMHRxQg?oc=5,Empty or blocked article page
